link,nombre,categoria,razon_rechazo,query_original,fecha_scraping,fecha_validacion
https://www.google.com/maps/place/Orsai/data=!4m7!3m6!1s0x960a3222c92e2517:0x9fabd6bda707813f!8m2!3d-38.9773008!4d-68.0584734!16s%2Fg%2F11clvgnzkh!19sChIJFyUuySIyCpYRP4EHp73Wq58?authuser=0&hl=en&rclk=1,Orsai,Soccer field,"Es un campo de fútbol, no vende comida como función principal",Parrilla en Centro Neuquén Capital,2026-01-07T10:48:26.299637,2026-01-07T13:15:41.291115
https://www.google.com/maps/place/Bar+Artes/data=!4m7!3m6!1s0x960a336a071fb2bb:0xa54764ff97667d55!8m2!3d-38.9530145!4d-68.0644984!16s%2Fg%2F11h4gvyq9q!19sChIJu7IfB2ozCpYRVX1ml_9kR6U?authuser=0&hl=en&rclk=1,Bar Artes,Event venue,"Es un evento venue (lugar para eventos), su función principal no es vender comida/bebida, sino albergar eventos",Bar en Zona Oeste Neuquén Capital,2026-01-07T10:49:08.401469,2026-01-07T13:15:41.291115
https://www.google.com/maps/place/CERVECERIA+BURDEN/data=!4m7!3m6!1s0x960a33d7a03c99ad:0x7ef841e5f4ab9944!8m2!3d-38.9479158!4d-68.0504869!16s%2Fg%2F11g733f8sf!19sChIJrZk8oNczCpYRRJmr9OVB-H4?authuser=0&hl=en&rclk=1,CERVECERIA BURDEN,Liquor store,"Liquor store (tienda de licores), su función principal es la venta minorista de bebidas alcohólicas para llevar, no para consumir en el lugar",Bar en Zona Oeste Neuquén Capital,2026-01-07T10:49:08.401469,2026-01-07T13:15:41.291115
https://www.google.com/maps/place/Casino+Magic+Hotel+%26+Casino/data=!4m7!3m6!1s0x960a331743169d4b:0xb5ce25da3c7ab25a!8m2!3d-38.9579982!4d-68.1144088!16s%2Fg%2F1th5__nc!19sChIJS50WQxczCpYRWrJ6PNolzrU?authuser=0&hl=en&rclk=1,Casino Magic Hotel & Casino,Hotel,"Es un hotel y casino, su función principal no es la venta de comida o bebidas.",Bar en Zona Oeste Neuquén Capital,2026-01-07T10:49:08.401469,2026-01-07T13:15:41.291115
https://www.google.com/maps/place/La+vereda+cultural/data=!4m7!3m6!1s0x960a33e770824dd3:0x7dc90b08c7b779b!8m2!3d-38.9579053!4d-68.063794!16s%2Fg%2F11vys2vzdg!19sChIJ002CcOczCpYRm3d7jLCQ3Ac?authuser=0&hl=en&rclk=1,La vereda cultural,Cultural center,"Es un centro cultural, su función principal no es la venta de comida o bebidas.",Bar en Zona Oeste Neuquén Capital,2026-01-07T10:49:08.401469,2026-01-07T13:15:41.291115
https://www.google.com/maps/place/Confetti+Multieventos/data=!4m7!3m6!1s0x960a33269f66bb49:0xe678259480e1b170!8m2!3d-38.9583209!4d-68.0698954!16s%2Fg%2F11stndynbl!19sChIJSbtmnyYzCpYRcLHhgJQleOY?authuser=0&hl=en&rclk=1,Confetti Multieventos,Children hall,"Children hall es un salón para eventos infantiles, no su función principal es vender comida.",Bar en Zona Oeste Neuquén Capital,2026-01-07T10:49:08.401469,2026-01-07T13:15:41.291115
https://www.google.com/maps/place/Chefs+School+Patag%C3%B3nicos/data=!4m7!3m6!1s0x960a3179297d3049:0xfd553b54f21559b3!8m2!3d-38.9526528!4d-68.0415788!16s%2Fg%2F11bbrmnrlb!19sChIJSTB9KXkxCpYRs1kV8lQ7Vf0?authuser=0&hl=en&rclk=1,Chefs School Patagónicos,Cooking school,"Es una escuela de cocina, no un establecimiento que venda comida para consumir en el acto",Bar en Zona Oeste Neuquén Capital,2026-01-07T10:49:08.401469,2026-01-07T13:15:41.291115
https://www.google.com/maps/place/Paseo+de+la+Costa/data=!4m7!3m6!1s0x960a32203113e6c7:0x1ec9e5b4b83d4aa7!8m2!3d-38.9791753!4d-68.0536146!16s%2Fg%2F1hc7zkxpw!19sChIJx-YTMSAyCpYRp0o9uLTlyR4?authuser=0&hl=en&rclk=1,Paseo de la Costa,Park,"Es un parque, su función principal no es vender comida o bebidas",Bar en Zona Oeste Neuquén Capital,2026-01-07T10:49:08.401469,2026-01-07T13:15:41.291115
https://www.google.com/maps/place/XD+espacio+de+juegos/data=!4m7!3m6!1s0x960a335a9d9f58b9:0xed9d0b9f5cd93837!8m2!3d-38.9586009!4d-68.0510578!16s%2Fg%2F11y5fcf6tv!19sChIJuVifnVozCpYRNzjZXJ8Lne0?authuser=0&hl=en&rclk=1,XD espacio de juegos,Store,"Es una tienda (probablemente de juegos), no un establecimiento gastronómico",Bar en Zona Oeste Neuquén Capital,2026-01-07T10:49:08.401469,2026-01-07T13:15:41.291115
https://www.google.com/maps/place/Estadio+Ruca+Che/data=!4m7!3m6!1s0x960a336c81915b23:0xc77225bf7fc1052d!8m2!3d-38.9468684!4d-68.1138323!16s%2Fg%2F12111kgh!19sChIJI1uRgWwzCpYRLQXBf78lcsc?authuser=0&hl=en&rclk=1,Estadio Ruca Che,Arena,"Es un estadio o arena, su función principal es albergar eventos deportivos o espectáculos, no vender comida como actividad principal.",Bar en Zona Oeste Neuquén Capital,2026-01-07T10:49:08.401469,2026-01-07T13:15:41.291115
https://www.google.com/maps/place/Centro+empleados+de+comercio/data=!4m7!3m6!1s0x960a33004f5cea2d:0x3d4a4cd21de2dec4!8m2!3d-38.9584025!4d-68.0501496!16s%2Fg%2F11xsycc870!19sChIJLepcTwAzCpYRxN7iHdJMSj0?authuser=0&hl=en&rclk=1,Centro empleados de comercio,Lounge,"Es un centro o lounge para empleados, su función principal no es la venta de comida o bebidas al público.",Bar en Zona Oeste Neuquén Capital,2026-01-07T10:49:08.401469,2026-01-07T13:15:41.291115
https://www.google.com/maps/place/Convidame/data=!4m7!3m6!1s0x960a33b6670c4971:0x7448a497ed9052b3!8m2!3d-38.9483527!4d-68.0564338!16s%2Fg%2F11ln5r5y1l!19sChIJcUkMZ7YzCpYRs1KQ7ZekSHQ?authuser=0&hl=en&rclk=1,Convidame,Natural goods store,"Es una tienda de productos naturales, no un establecimiento gastronómico",Pastelería en Zona Alto Neuquén Capital,2026-01-07T10:49:47.655947,2026-01-07T13:15:41.291115
https://www.google.com/maps/place/Papelera+Neuqu%C3%A9n/data=!4m7!3m6!1s0x960a3232b1567d73:0xceb739b7052169f9!8m2!3d-38.9591912!4d-68.0598635!16s%2Fg%2F1tfv69v1!19sChIJc31WsTIyCpYR-WkhBbc5t84?authuser=0&hl=en&rclk=1,Papelera Neuquén,Party store,"Es una papelería/tienda de fiestas, no vende comida como función principal",Pastelería en Zona Alto Neuquén Capital,2026-01-07T10:49:47.655947,2026-01-07T13:15:41.291115
https://www.google.com/maps/place/Convidame/data=!4m7!3m6!1s0x960a33188d9a93ed:0x402b3d635fc6107c!8m2!3d-38.9506519!4d-68.0630502!16s%2Fg%2F11lky5_mdw!19sChIJ7ZOajRgzCpYRfBDGX2M9K0A?authuser=0&hl=en&rclk=1,Convidame,Natural goods store,"Es una tienda de productos naturales, no un establecimiento gastronómico",Pastelería en Zona Alto Neuquén Capital,2026-01-07T10:49:47.655947,2026-01-07T13:15:41.291115
https://www.google.com/maps/place/RULITO/data=!4m7!3m6!1s0x960a33d2c56e2bcf:0xbbe3e4f899ca51e8!8m2!3d-38.9579318!4d-68.0574004!16s%2Fg%2F1tmkm54m!19sChIJzytuxdIzCpYR6FHKmfjk47s?authuser=0&hl=en&rclk=1,RULITO,Party store,"Es una tienda de artículos para fiestas (party store), no vende comida como función principal",Pastelería en Zona Alto Neuquén Capital,2026-01-07T10:49:47.655947,2026-01-07T13:15:41.291115
https://www.google.com/maps/place/COTILLON+KROSTY/data=!4m7!3m6!1s0x960a33cc7e7106fd:0xa8065f3d234c4754!8m2!3d-38.9572141!4d-68.065947!16s%2Fg%2F11b70ftyy0!19sChIJ_QZxfswzCpYRVEdMIz1fBqg?authuser=0&hl=en&rclk=1,COTILLON KROSTY,Party store,"Es una tienda de artículos para fiestas (party store), no vende comida como función principal",Pastelería en Zona Alto Neuquén Capital,2026-01-07T10:49:47.655947,2026-01-07T13:15:41.291115
https://www.google.com/maps/place/Hipermercado+COTO/data=!4m7!3m6!1s0x960a33c2346321ab:0x4eded95a3c8afbc4!8m2!3d-38.9413276!4d-68.0632277!16s%2Fg%2F11bbrjmp0k!19sChIJqyFjNMIzCpYRxPuKPFrZ3k4?authuser=0&hl=en&rclk=1,Hipermercado COTO,Hypermarket,"Es un hipermercado, su función principal es la venta de productos generales, no específicamente gastronómica",Pastelería en Zona Alto Neuquén Capital,2026-01-07T10:49:47.655947,2026-01-07T13:15:41.291115
https://www.google.com/maps/place/Catania+Comidas/data=!4m7!3m6!1s0x960a33d6d2fab9fb:0xef7bf15c26361bad!8m2!3d-38.9506663!4d-68.053804!16s%2Fg%2F11b70ggc9d!19sChIJ-7n60tYzCpYRrRs2Jlzxe-8?authuser=0&hl=en&rclk=1,Catania Comidas,Supermarket,"Categorizado como supermercado, no es un establecimiento gastronómico principal",Pizzería en Zona Oeste Neuquén Capital,2026-01-07T10:50:26.832078,2026-01-07T13:15:41.291115
https://www.google.com/maps/place/La+Pescader%C3%ADa+del+Neuquen/data=!4m7!3m6!1s0x960a33d060ced5df:0x6bc822a6b7ab5b86!8m2!3d-38.9492157!4d-68.0572988!16s%2Fg%2F1tf3_kr7!19sChIJ39XOYNAzCpYRhlurt6YiyGs?authuser=0&hl=en&rclk=1,La Pescadería del Neuquen,Seafood market,"Es un mercado de mariscos, su función principal es la venta de productos frescos, no preparar/comer en el lugar",Donde comer en Zona Este Neuquén Capital,2026-01-07T10:51:26.268619,2026-01-07T13:15:41.291115
https://www.google.com/maps/place/Hilton+Garden+Inn+Neuquen/data=!4m7!3m6!1s0x960a33dcd262fd75:0x9e24c6c30dffb0e3!8m2!3d-38.9419064!4d-68.059576!16s%2Fg%2F11c58q78_0!19sChIJdf1i0twzCpYR47D_DcPGJJ4?authuser=0&hl=en&rclk=1,Hilton Garden Inn Neuquen,Hotel,"Es un hotel, su función principal no es la venta de comida",Donde comer en Zona Este Neuquén Capital,2026-01-07T10:51:26.268619,2026-01-07T13:15:41.291115
https://www.google.com/maps/place/Alto+Comahue+Shopping/data=!4m7!3m6!1s0x960a33c2186cc4cb:0xf058c50fb5d3a1f1!8m2!3d-38.9415363!4d-68.0651978!16s%2Fg%2F11ckr4mfb7!19sChIJy8RsGMIzCpYR8aHTtQ_FWPA?authuser=0&hl=en&rclk=1,Alto Comahue Shopping,Shopping mall,"Es un centro comercial, su función principal no es la venta de comida",Donde comer en Zona Este Neuquén Capital,2026-01-07T10:51:26.268619,2026-01-07T13:15:41.291115
https://www.google.com/maps/place/BARRICA+VINOTECA+%28Mercantiles%29/data=!4m7!3m6!1s0x960a33862515ab6d:0x13b8377f66bd9493!8m2!3d-38.9271002!4d-68.0841372!16s%2Fg%2F11cjkmhp2t!19sChIJbasVJYYzCpYRk5S9Zn83uBM?authuser=0&hl=en&rclk=1,BARRICA VINOTECA (Mercantiles),Wine store,"Es una vinoteca (tienda de vinos), su función principal es la venta minorista de bebidas, no para consumo inmediato en el lugar",Cervecería en Centro Neuquén Capital,2026-01-07T10:52:44.481160,2026-01-07T13:15:41.291115
https://www.google.com/maps/place/Growler/data=!4m7!3m6!1s0x960a33c30b4b4749:0xa1809b1cbf685826!8m2!3d-38.9432747!4d-68.0623274!16s%2Fg%2F11c1phpx8x!19sChIJSUdLC8MzCpYRJlhovxybgKE?authuser=0&hl=en&rclk=1,Growler,Beer store,"Es una tienda de cerveza, su función principal es la venta minorista de bebidas, no para consumo inmediato en el lugar",Cervecería en Centro Neuquén Capital,2026-01-07T10:52:44.481160,2026-01-07T13:15:41.291115
https://www.google.com/maps/place/Cardos+wine+%26+beer/data=!4m7!3m6!1s0x960a3384845a38b7:0x9336b070bb9144d7!8m2!3d-38.9505257!4d-68.0757402!16s%2Fg%2F11w_jqvp0p!19sChIJtzhahIQzCpYR10SRu3CwNpM?authuser=0&hl=en&rclk=1,Cardos wine & beer,Liquor store,"Es una licorería (tienda de licores), su función principal es la venta minorista de bebidas, no para consumo inmediato en el lugar",Cervecería en Centro Neuquén Capital,2026-01-07T10:52:44.481160,2026-01-07T13:15:41.291115
https://www.google.com/maps/place/4+REINAS/data=!4m7!3m6!1s0x960a332a7f9c797f:0xd2448a60d2bc9230!8m2!3d-38.958962!4d-68.0772574!16s%2Fg%2F11fj9ctrpt!19sChIJf3mcfyozCpYRMJK80mCKRNI?authuser=0&hl=en&rclk=1,4 REINAS,Beer distributor,"Es un distribuidor de cerveza (venta al por mayor/minorista), no un lugar para consumir en el sitio",Cervecería en Centro Neuquén Capital,2026-01-07T10:52:44.481160,2026-01-07T13:15:41.291115
https://www.google.com/maps/place/Qu%C3%A9+Pinta+Hoy%3F!+Almac%C3%A9n+de+bebidas/data=!4m7!3m6!1s0x960a33b62db3fcc9:0x4777b162015c9178!8m2!3d-38.9613916!4d-68.0560182!16s%2Fg%2F11vf07mm65!19sChIJyfyzLbYzCpYReJFcAWKxd0c?authuser=0&hl=en&rclk=1,Qué Pinta Hoy?! Almacén de bebidas,Liquor store,"Es una tienda de licores (venta de bebidas alcohólicas para llevar), no un lugar para consumir en el sitio",Cervecería en Centro Neuquén Capital,2026-01-07T10:52:44.481160,2026-01-07T13:15:41.291115
https://www.google.com/maps/place/Mei+ji+shi+tang/data=!4m7!3m6!1s0x960a33b7b069182f:0x3a0988085aa05466!8m2!3d-38.957446!4d-68.063361!16s%2Fg%2F11t462946m!19sChIJLxhpsLczCpYRZlSgWgiICTo?authuser=0&hl=en&rclk=1,Mei ji shi tang,Variety store,"Es una tienda de variedades, no su función principal es vender comida para consumir",Restaurant en Zona Oeste Neuquén Capital,2026-01-07T10:53:39.011187,2026-01-07T13:15:41.291115
https://www.google.com/maps/place/Natural+Shanti/data=!4m7!3m6!1s0x960a33d3eb5032a5:0xe7d3a74de4fc1df7!8m2!3d-38.9541692!4d-68.0550421!16s%2Fg%2F1q62h70dr!19sChIJpTJQ69MzCpYR9x385E2n0-c?authuser=0&hl=en&rclk=1,Natural Shanti,Natural goods store,"Es una tienda de productos naturales, no un establecimiento gastronómico principal.",Cafetería en Centro Neuquén Capital,2026-01-07T10:54:18.303709,2026-01-07T13:15:41.291115
https://www.google.com/maps/place/Los+Sabores+de+la+T%C3%ADa/data=!4m7!3m6!1s0x960a33c91ea46f25:0x7dd8a6ec7e650524!8m2!3d-38.9531641!4d-68.067559!16s%2Fg%2F11hbqb721r!19sChIJJW-kHskzCpYRJAVlfuym2H0?authuser=0&hl=en&rclk=1,Los Sabores de la Tía,Health food store,"Es una tienda de alimentos saludables, no un restaurante o cafetería.",Comida saludable en Neuquén Capital,2026-01-07T10:54:57.501191,2026-01-07T13:15:41.291115
https://www.google.com/maps/place/Ohana+Sana+Tentaci%C3%B3n/data=!4m7!3m6!1s0x960bcd6f802825f3:0xd72f5c7fa12f7f5b!8m2!3d-38.948614!4d-68.1144875!16s%2Fg%2F11j7dnb7dd!19sChIJ8yUogG_NC5YRW38voX9cL9c?authuser=0&hl=en&rclk=1,Ohana Sana Tentación,Natural goods store,"Es una tienda de productos naturales, no un establecimiento para consumir comida/bebidas en el lugar o delivery",Comida saludable en Neuquén Capital,2026-01-07T10:54:57.501191,2026-01-07T13:15:41.291115
https://www.google.com/maps/place/Oh+My+Veggie/data=!4m7!3m6!1s0x960a33d18f8eafe3:0x45f6c0c37d486345!8m2!3d-38.9528426!4d-68.0573924!16s%2Fg%2F11gg659vkt!19sChIJ46-Oj9EzCpYRRWNIfcPA9kU?authuser=0&hl=en&rclk=1,Oh My Veggie,Health food store,"Es una tienda de alimentos saludables, no un establecimiento para consumir comida/bebidas en el lugar o delivery",Comida saludable en Neuquén Capital,2026-01-07T10:54:57.501191,2026-01-07T13:15:41.291115
https://www.google.com/maps/place/Destino+Veggie+-+Tienda+Saludable/data=!4m7!3m6!1s0x960a31dfca467e53:0x575d4afe522d6a1!8m2!3d-38.9511138!4d-68.0286792!16s%2Fg%2F11hm44p_09!19sChIJU35Gyt8xCpYRodYi5a_UdQU?authuser=0&hl=en&rclk=1,Destino Veggie - Tienda Saludable,Natural goods store,"Es una tienda de productos naturales/saludables, no un establecimiento para consumir comida/bebidas en el lugar o delivery",Comida saludable en Neuquén Capital,2026-01-07T10:54:57.501191,2026-01-07T13:15:41.291115
https://www.google.com/maps/place/LA+BOUTIQUE+DEL+YUYO/data=!4m7!3m6!1s0x960a33734afa2759:0xb53e039e473c3b24!8m2!3d-38.9473058!4d-68.1027794!16s%2Fg%2F11b73kc337!19sChIJWSf6SnMzCpYRJDs8R54DPrU?authuser=0&hl=en&rclk=1,LA BOUTIQUE DEL YUYO,Natural goods store,"Es una tienda de productos naturales, no un establecimiento para consumir comida/bebidas en el lugar o delivery",Comida saludable en Neuquén Capital,2026-01-07T10:54:57.501191,2026-01-07T13:15:41.291115
https://www.google.com/maps/place/Alimentos+saludables+Mishky+Ulpu/data=!4m7!3m6!1s0x960a33ba4f19d1c1:0x8373eaed68864849!8m2!3d-38.95084!4d-68.0795299!16s%2Fg%2F11b720xdrc!19sChIJwdEZT7ozCpYRSUiGaO3qc4M?authuser=0&hl=en&rclk=1,Alimentos saludables Mishky Ulpu,Health food store,"Es una tienda de alimentos saludables, no un establecimiento para consumir comida/bebidas en el lugar o delivery",Comida saludable en Neuquén Capital,2026-01-07T10:54:57.501191,2026-01-07T13:15:41.291115
https://www.google.com/maps/place/PACHAM%C3%8DA+ALMAC%C3%89N+SALUDABLE/data=!4m7!3m6!1s0x960a332bcd0dc6db:0xfd51d98be373518d!8m2!3d-38.9287041!4d-68.0753146!16s%2Fg%2F11llphrxnn!19sChIJ28YNzSszCpYRjVFz44vZUf0?authuser=0&hl=en&rclk=1,PACHAMÍA ALMACÉN SALUDABLE,Grocery store,"Es una tienda de abarrotes/almacén, no un establecimiento para consumir comida/bebidas en el lugar o delivery",Comida saludable en Neuquén Capital,2026-01-07T10:54:57.501191,2026-01-07T13:15:41.291115
https://www.google.com/maps/place/Cascanueces+Almac%C3%A9n+Saludable/data=!4m7!3m6!1s0x960a33b9b8b95c81:0x621c09d0554a56a!8m2!3d-38.9507532!4d-68.0756316!16s%2Fg%2F11dfv51vm1!19sChIJgVy5uLkzCpYRaqVUBZ3AIQY?authuser=0&hl=en&rclk=1,Cascanueces Almacén Saludable,Health food store,"Es un almacén de alimentos saludables, no un establecimiento para consumir comida/bebidas en el lugar o delivery",Comida saludable en Neuquén Capital,2026-01-07T10:54:57.501191,2026-01-07T13:15:41.291115
https://www.google.com/maps/place/Oh+My+Veggie/data=!4m7!3m6!1s0x960a33fcaaea00f1:0x1f97ab2631452464!8m2!3d-38.9421385!4d-68.1147991!16s%2Fg%2F11h8cqyr5j!19sChIJ8QDqqvwzCpYRZCRFMSarlx8?authuser=0&hl=en&rclk=1,Oh My Veggie,Natural goods store,"Es una tienda de productos naturales, no un establecimiento para consumir comida/bebida en el acto.",Comida saludable en Neuquén Capital,2026-01-07T10:54:57.501191,2026-01-07T13:15:41.291115
https://www.google.com/maps/place/Pacha+M%C3%ADa+-+Almac%C3%A9n+Saludable/data=!4m7!3m6!1s0x960a33317868b519:0xae1a92061debe947!8m2!3d-38.9547446!4d-68.126382!16s%2Fg%2F11r13jn0dp!19sChIJGbVoeDEzCpYRR-nrHQaSGq4?authuser=0&hl=en&rclk=1,Pacha Mía - Almacén Saludable,Health food store,"Es un almacén o tienda de alimentos saludables, no un establecimiento para consumir en el lugar.",Comida saludable en Neuquén Capital,2026-01-07T10:54:57.501191,2026-01-07T13:15:41.291115
https://www.google.com/maps/place/Vitalcer+-+Natural+Market/data=!4m7!3m6!1s0x960a33e372772ff7:0x45e59fbaf29acbf5!8m2!3d-38.9581273!4d-68.0605685!16s%2Fg%2F11h3lr2frb!19sChIJ9y93cuMzCpYR9cua8rqf5UU?authuser=0&hl=en&rclk=1,Vitalcer - Natural Market,Health food store,"Es un mercado o tienda de productos naturales, no un establecimiento gastronómico.",Comida saludable en Neuquén Capital,2026-01-07T10:54:57.501191,2026-01-07T13:15:41.291115
https://www.google.com/maps/place/MODO+COCINA/data=!4m7!3m6!1s0x960a3368b898b4c1:0xa8bcbcdc6749f19a!8m2!3d-38.9416881!4d-68.0970906!16s%2Fg%2F11yn1bl3_r!19sChIJwbSYuGgzCpYRmvFJZ9y8vKg?authuser=0&hl=en&rclk=1,MODO COCINA,Natural goods store,"Es una tienda de productos naturales, a pesar del nombre 'COCINA', su categoría no indica ser un restaurante.",Comida saludable en Neuquén Capital,2026-01-07T10:54:57.501191,2026-01-07T13:15:41.291115
https://www.google.com/maps/place/Lumi+SIN+TACC+Nqn/data=!4m7!3m6!1s0x2cc401245c8d61a1:0x7329c64381b428a9!8m2!3d-38.9583548!4d-68.026332!16s%2Fg%2F11xdxyrlv8!19sChIJoWGNXCQBxCwRqSi0gUPGKXM?authuser=0&hl=en&rclk=1,Lumi SIN TACC Nqn,Health food store,"Es una tienda de alimentos saludables (especializada sin TACC), no un restaurante o cafetería.",Comida saludable en Neuquén Capital,2026-01-07T10:54:57.501191,2026-01-07T13:15:41.291115
https://www.google.com/maps/place/DIETETICA+NATURISTA/data=!4m7!3m6!1s0x960a33cd496d1205:0x598235971cabe31!8m2!3d-38.9585143!4d-68.060983!16s%2Fg%2F11b70cnswx!19sChIJBRJtSc0zCpYRMb7KcVkjmAU?authuser=0&hl=en&rclk=1,DIETETICA NATURISTA,Health food store,"Es una dietética o tienda de productos naturistas, no un establecimiento para consumir comida.",Comida saludable en Neuquén Capital,2026-01-07T10:54:57.501191,2026-01-07T13:15:41.291115
https://www.google.com/maps/place/Gourmet+Lab+Market/data=!4m7!3m6!1s0x960a33d699f90f07:0x2a9ded38184b8d8!8m2!3d-38.9421313!4d-68.0522411!16s%2Fg%2F11lzpb35mr!19sChIJBw_5mdYzCpYR2LiEgdPeqQI?authuser=0&hl=en&rclk=1,Gourmet Lab Market,Gourmet grocery store,"Es una tienda de comestibles gourmet (supermercado especializado), no un restaurante o bar.",Comida saludable en Neuquén Capital,2026-01-07T10:54:57.501191,2026-01-07T13:15:41.291115
https://www.google.com/maps/place/Natural+Shanti/data=!4m7!3m6!1s0x960a33ce28c8e8f3:0x53f4faed8fa7ecaf!8m2!3d-38.9519649!4d-68.0601083!16s%2Fg%2F11b75gp9x1!19sChIJ8-jIKM4zCpYRr-ynj-369FM?authuser=0&hl=en&rclk=1,Natural Shanti,Natural goods store,"Es una tienda de productos naturales, no un establecimiento para consumir comida/bebida en el lugar",Comida saludable en Neuquén Capital,2026-01-07T10:54:57.501191,2026-01-07T13:15:41.291115
https://www.google.com/maps/place/Harmony/data=!4m7!3m6!1s0x960a3300752db2b3:0x209bbe6cb0536b36!8m2!3d-38.9584622!4d-68.0563602!16s%2Fg%2F11vwxpr261!19sChIJs7ItdQAzCpYRNmtTsGy-myA?authuser=0&hl=en&rclk=1,Harmony,Natural goods store,"Es una tienda de productos naturales, no un establecimiento para consumir comida/bebida en el lugar",Comida saludable en Neuquén Capital,2026-01-07T10:54:57.501191,2026-01-07T13:15:41.291115
https://www.google.com/maps/place/Gluten+Free+Neuquen+S.A.S./data=!4m7!3m6!1s0x960a33f9abb54367:0xa556ca3cbc87fba1!8m2!3d-38.9633164!4d-68.063495!16s%2Fg%2F11h057pk9f!19sChIJZ0O1q_kzCpYRofuHvDzKVqU?authuser=0&hl=en&rclk=1,Gluten Free Neuquen S.A.S.,Natural goods store,"Es una tienda de productos naturales (sin gluten), no un establecimiento para consumir comida/bebida en el lugar",Comida saludable en Neuquén Capital,2026-01-07T10:54:57.501191,2026-01-07T13:15:41.291115
https://www.google.com/maps/place/CABANE/data=!4m7!3m6!1s0x960a33b0450d66cf:0xaf2071b0d1d88942!8m2!3d-38.9548366!4d-68.0813358!16s%2Fg%2F11f0_djcqd!19sChIJz2YNRbAzCpYRQonY0bBxIK8?authuser=0&hl=en&rclk=1,CABANE,Wholesaler,"Es un mayorista, no un establecimiento gastronómico de venta al público",Comida saludable en Neuquén Capital,2026-01-07T10:54:57.501191,2026-01-07T13:15:41.291115
https://www.google.com/maps/place/Naturalmente/data=!4m7!3m6!1s0x699f819347bd5d65:0xd2491692c7729fe!8m2!3d-38.9412346!4d-68.092275!16s%2Fg%2F11s3y80mlh!19sChIJZV29R5OBn2kR_il3LGmRJA0?authuser=0&hl=en&rclk=1,Naturalmente,Natural goods store,"Es una tienda de productos naturales, no un establecimiento para consumir comida/bebida en el lugar",Comida saludable en Neuquén Capital,2026-01-07T10:54:57.501191,2026-01-07T13:15:41.291115
https://www.google.com/maps/place/Gaya+-+Tienda+de+alimentos/data=!4m7!3m6!1s0x960a33be508ef47f:0x29196b62c0139c0e!8m2!3d-38.9602636!4d-68.0621015!16s%2Fg%2F11vylj3_b5!19sChIJf_SOUL4zCpYRDpwTwGJrGSk?authuser=0&hl=en&rclk=1,Gaya - Tienda de alimentos,Natural goods store,"Es una tienda de alimentos, no un establecimiento para consumir comida/bebida en el lugar",Comida saludable en Neuquén Capital,2026-01-07T10:54:57.501191,2026-01-07T13:15:41.291115
https://www.google.com/maps/place/Almacen+saludable+Bellafran/data=!4m7!3m6!1s0x960a3344900409df:0x3c1fd3a4c9df0f7c!8m2!3d-38.9378051!4d-68.0845344!16s%2Fg%2F11vlm9vxb3!19sChIJ3wkEkEQzCpYRfA_fyaTTHzw?authuser=0&hl=en&rclk=1,Almacen saludable Bellafran,General store,"Es una tienda/almacén, no un establecimiento gastronómico",Comida saludable en Neuquén Capital,2026-01-07T10:54:57.501191,2026-01-07T13:15:41.291115
https://www.google.com/maps/place/Dietetica+Nutricia/data=!4m7!3m6!1s0x960a33b805f02f93:0x69b380da8e4f7971!8m2!3d-38.9505298!4d-68.0721402!16s%2Fg%2F11b6d26b8y!19sChIJky_wBbgzCpYRcXlPjtqAs2k?authuser=0&hl=en&rclk=1,Dietetica Nutricia,Health food store,"Es una tienda de alimentos saludables, no un establecimiento para consumir en el lugar o delivery de comidas preparadas",Comida saludable en Neuquén Capital,2026-01-07T10:54:57.501191,2026-01-07T13:15:41.291115
https://www.google.com/maps/place/Natural+Fresh/data=!4m7!3m6!1s0x960a33dc65e623b3:0xfc5bc622b7eb935e!8m2!3d-38.9424907!4d-68.0560693!16s%2Fg%2F11g6wz0wvv!19sChIJsyPmZdwzCpYRXpPrtyLGW_w?authuser=0&hl=en&rclk=1,Natural Fresh,Natural goods store,"Es una tienda de productos naturales, no un establecimiento para consumir en el lugar o delivery de comidas preparadas",Comida saludable en Neuquén Capital,2026-01-07T10:54:57.501191,2026-01-07T13:15:41.291115
https://www.google.com/maps/place/Kinuwa+%7C+Diet%C3%A9tica+%26+Health+Food/data=!4m7!3m6!1s0x960a330076580bb7:0xdb145b47320d4357!8m2!3d-38.969132!4d-68.0506178!16s%2Fg%2F11lmdthlq_!19sChIJtwtYdgAzCpYRV0MNMkdbFNs?authuser=0&hl=en&rclk=1,Kinuwa | Dietética & Health Food,Natural goods store,"Es una tienda de productos naturales/dietética, no un establecimiento para consumir en el lugar o delivery de comidas preparadas",Comida saludable en Neuquén Capital,2026-01-07T10:54:57.501191,2026-01-07T13:15:41.291115
https://www.google.com/maps/place/Diet%C3%A9tica+Integral/data=!4m7!3m6!1s0x960a33b6ca424a7d:0x93094a59b73d22e!8m2!3d-38.9516932!4d-68.0625908!16s%2Fg%2F11b70_bwmv!19sChIJfUpCyrYzCpYRLtJzm6WUMAk?authuser=0&hl=en&rclk=1,Dietética Integral,Natural goods store,"Es una tienda de productos naturales/dietética, no un establecimiento para consumir en el lugar o delivery de comidas preparadas",Comida saludable en Neuquén Capital,2026-01-07T10:54:57.501191,2026-01-07T13:15:41.291115
https://www.google.com/maps/place/A+Granel+todo+suelto/data=!4m7!3m6!1s0x960a336bdf7f9685:0xec4a0aea016d142c!8m2!3d-38.9687825!4d-68.0527579!16s%2Fg%2F11fjv4r0h4!19sChIJhZZ_32szCpYRLBRtAeoKSuw?authuser=0&hl=en&rclk=1,A Granel todo suelto,Natural goods store,"Es una tienda de productos a granel, no un establecimiento para consumir en el lugar o delivery de comidas preparadas",Comida saludable en Neuquén Capital,2026-01-07T10:54:57.501191,2026-01-07T13:15:41.291115
https://www.google.com/maps/place/Almac%C3%A9n+Natural+Plottier/data=!4m7!3m6!1s0x960bcbf0bb0a6f7b:0xc9bbfe5675aca39a!8m2!3d-38.9449172!4d-68.2256586!16s%2Fg%2F11f15dvdc7!19sChIJe28Ku_DLC5YRmqOsdVb-u8k?authuser=0&hl=en&rclk=1,Almacén Natural Plottier,Health food store,"Es una tienda de alimentos saludables, no un establecimiento para consumir en el lugar o delivery de comidas preparadas",Comida saludable en Neuquén Capital,2026-01-07T10:54:57.501191,2026-01-07T13:15:41.291115
https://www.google.com/maps/place/Convidame/data=!4m7!3m6!1s0x960bcc07d5ad53b5:0xec6b08f281f081c1!8m2!3d-38.9541322!4d-68.2263113!16s%2Fg%2F11c1nzlxd4!19sChIJtVOt1QfMC5YRwYHwgfIIa-w?authuser=0&hl=en&rclk=1,Convidame,Health food store,"Es una tienda de alimentos saludables, no un establecimiento para consumir en el lugar o delivery de comidas preparadas",Comida saludable en Neuquén Capital,2026-01-07T10:54:57.501191,2026-01-07T13:15:41.291115
https://www.google.com/maps/place/IKIGAI+Natural+Market/data=!4m7!3m6!1s0x960a334aa19be353:0x77bfbd02d798f79f!8m2!3d-38.950505!4d-68.055976!16s%2Fg%2F11mqvnfcjg!19sChIJU-OboUozCpYRn_eY1wK9v3c?authuser=0&hl=en&rclk=1,IKIGAI Natural Market,Organic food store,"Es una tienda de alimentos orgánicos (organic food store), no un establecimiento para consumir en el lugar",Comida saludable en Neuquén Capital,2026-01-07T10:54:57.501191,2026-01-07T13:15:41.291115
https://www.google.com/maps/place/Martinez+Almac%C3%A9n+de+bebidas/data=!4m7!3m6!1s0x960a335496f006fb:0xa85574759806ea9c!8m2!3d-38.9548622!4d-68.0772004!16s%2Fg%2F11t9r1mxpj!19sChIJ-wbwllQzCpYRnOoGmHV0Vag?authuser=0&hl=en&rclk=1,Martinez Almacén de bebidas,Liquor store,"Es una tienda de licores (liquor store), no un establecimiento gastronómico",Cafeteria en Zona Oeste Neuquén Capital,2026-01-07T10:56:03.189377,2026-01-07T13:15:41.291115
https://www.google.com/maps/place/%22LA+CASONA%22/data=!4m7!3m6!1s0x960a3308f1a01aa3:0x9dfe7ff81406641d!8m2!3d-38.9550156!4d-68.0990665!16s%2Fg%2F11b73rgt0r!19sChIJoxqg8QgzCpYRHWQGFPh__p0?authuser=0&hl=en&rclk=1,"""LA CASONA""",Grocery store,"Es una tienda de comestibles (grocery store), no un establecimiento para consumir en el lugar",Pub en Centro Neuquén Capital,2026-01-07T10:57:02.609496,2026-01-07T13:15:41.291115
https://www.google.com/maps/place/Plan+Gourmet+Pastas+Belgrano/data=!4m7!3m6!1s0x960a3374182f536d:0x5d77da0c12b4b04a!8m2!3d-38.9506281!4d-68.0612834!16s%2Fg%2F11m_flj4nc!19sChIJbVMvGHQzCpYRSrC0Egzad10?authuser=0&hl=en&rclk=1,Plan Gourmet Pastas Belgrano,Pasta shop,"Es una tienda de pasta (pasta shop), no un establecimiento para consumir en el lugar",Restaurant en Zona Alto Neuquén Capital,2026-01-07T10:57:41.689177,2026-01-07T13:15:41.291115
https://www.google.com/maps/place/Granja+del+Alto/data=!4m7!3m6!1s0x960a33d04d36753b:0x7fab9ac8dc0d7c1c!8m2!3d-38.9510618!4d-68.0577745!16s%2Fg%2F1hc2hdfs2!19sChIJO3U2TdAzCpYRHHwN3Miaq38?authuser=0&hl=en&rclk=1,Granja del Alto,Poultry store,"Es una tienda de aves (poultry store), no un establecimiento para consumir en el lugar",Restaurant en Zona Alto Neuquén Capital,2026-01-07T10:57:41.689177,2026-01-07T13:15:41.291115
https://www.google.com/maps/place/Plaza+de+las+Banderas/data=!4m7!3m6!1s0x960a33e7dd6429d5:0x24756e3d47c6706d!8m2!3d-38.9375737!4d-68.0590458!16s%2Fg%2F11c714tntp!19sChIJ1Slk3eczCpYRbXDGRz1udSQ?authuser=0&hl=en&rclk=1,Plaza de las Banderas,Park,"Es un parque, no vende comida o bebidas como función principal",Restaurant en Zona Alto Neuquén Capital,2026-01-07T10:57:41.689177,2026-01-07T13:15:41.291115
https://www.google.com/maps/place/Portal+Patagonia+Shopping/data=!4m7!3m6!1s0x960a33a99da626fd:0xabbaa5fb6e48d9e3!8m2!3d-38.960719!4d-68.09322!16s%2Fg%2F1tw1g0g9!19sChIJ_SamnakzCpYR49lIbvuluqs?authuser=0&hl=en&rclk=1,Portal Patagonia Shopping,Shopping mall,"Es un centro comercial, aunque puede contener locales gastronómicos, su función principal no es vender comida",Restaurant en Zona Alto Neuquén Capital,2026-01-07T10:57:41.689177,2026-01-07T13:15:41.291115
https://www.google.com/maps/place/Hotel+Land+Express+Neuqu%C3%A9n/data=!4m7!3m6!1s0x960a33345538e955:0x32ae1a1c58b97fad!8m2!3d-38.9565373!4d-68.1395677!16s%2Fg%2F1tdw4p0p!19sChIJVek4VTQzCpYRrX-5WBwarjI?authuser=0&hl=en&rclk=1,Hotel Land Express Neuquén,Hotel,"Es un hotel, aunque puede tener servicios de comida, su función principal es el alojamiento",Restaurant en Zona Alto Neuquén Capital,2026-01-07T10:57:41.689177,2026-01-07T13:15:41.291115
https://www.google.com/maps/place/San+Martin+Monument/data=!4m7!3m6!1s0x960a33d1d086e253:0xc23a0e78a6cc600c!8m2!3d-38.951854!4d-68.0591779!16s%2Fm%2F011qf4_9!19sChIJU-KG0NEzCpYRDGDMpngOOsI?authuser=0&hl=en&rclk=1,San Martin Monument,Monument,"Es un monumento, no vende comida o bebidas",Restaurant en Zona Alto Neuquén Capital,2026-01-07T10:57:41.689177,2026-01-07T13:15:41.291115
https://www.google.com/maps/place/JACC+Salon+de+Eventos/data=!4m7!3m6!1s0x960a321f61255559:0x3904401b2f7192b8!8m2!3d-38.9775231!4d-68.051982!16s%2Fg%2F11c2pkv0td!19sChIJWVUlYR8yCpYRuJJxLxtABDk?authuser=0&hl=en&rclk=1,JACC Salon de Eventos,Function room facility,"Es una sala de eventos, aunque puede ofrecer catering, su función principal no es vender comida",Restaurant en Zona Alto Neuquén Capital,2026-01-07T10:57:41.689177,2026-01-07T13:15:41.291115
https://www.google.com/maps/place/ILLIA+121+Apart+Hotel/data=!4m7!3m6!1s0x960a317cfe7466cf:0x86c4119e58037c95!8m2!3d-38.9538909!4d-68.0448807!16s%2Fg%2F11fd41w9bj!19sChIJz2Z0_nwxCpYRlXwDWJ4RxIY?authuser=0&hl=en&rclk=1,ILLIA 121 Apart Hotel,Hotel,"Es un apart hotel, su función principal es el alojamiento",Restaurant en Zona Alto Neuquén Capital,2026-01-07T10:57:41.689177,2026-01-07T13:15:41.291115
https://www.google.com/maps/place/Howard+Johnson+by+Wyndham+Neuquen/data=!4m7!3m6!1s0x960bccb8bf70da4f:0x1c321c6e1a4090f7!8m2!3d-38.9572299!4d-68.1592972!16s%2Fg%2F11byt_kjhw!19sChIJT9pwv7jMC5YR95BAGm4cMhw?authuser=0&hl=en&rclk=1,Howard Johnson by Wyndham Neuquen,Hotel,"Es un hotel, su función principal es el alojamiento",Restaurant en Zona Alto Neuquén Capital,2026-01-07T10:57:41.689177,2026-01-07T13:15:41.291115
https://www.google.com/maps/place/Neuquen+Tower+Hotel/data=!4m7!3m6!1s0x960a33cfbb8c4977:0x5a5a3bdcd8fb6f58!8m2!3d-38.9509052!4d-68.0616686!16s%2Fg%2F12mkz5qfy!19sChIJd0mMu88zCpYRWG_72Nw7Wlo?authuser=0&hl=en&rclk=1,Neuquen Tower Hotel,Hotel,"Es un hotel, su función principal no es la venta de comida/bebida",Restaurant en Zona Alto Neuquén Capital,2026-01-07T10:57:41.689177,2026-01-07T13:15:41.291115
https://www.google.com/maps/place/Cinemark+Neuqu%C3%A9n+%7C+Cinemark+Hoyts/data=!4m7!3m6!1s0x960a33f29a1c2823:0xfd78402cb5949d8e!8m2!3d-38.9411733!4d-68.0642934!16s%2Fg%2F11f6705k33!19sChIJIygcmvIzCpYRjp2UtSxAeP0?authuser=0&hl=en&rclk=1,Cinemark Neuquén | Cinemark Hoyts,Movie theater,"Es un cine, su función principal es la proyección de películas",Restaurant en Zona Alto Neuquén Capital,2026-01-07T10:57:41.689177,2026-01-07T13:15:41.291115
https://www.google.com/maps/place/Hosteria+Amparo/data=!4m7!3m6!1s0x960bcccad526d883:0xfb0f14dc788145d1!8m2!3d-38.9575081!4d-68.1432266!16s%2Fg%2F1tk1p584!19sChIJg9gm1crMC5YR0UWBeNwUD_s?authuser=0&hl=en&rclk=1,Hosteria Amparo,Hostel,"Es un hostal/alojamiento, su función principal no es la venta de comida/bebida",Restaurant en Zona Alto Neuquén Capital,2026-01-07T10:57:41.689177,2026-01-07T13:15:41.291115
https://www.google.com/maps/place/Jumbo/data=!4m7!3m6!1s0x960a33a98364ef53:0xc702e4edd58a2f90!8m2!3d-38.9607403!4d-68.0943254!16s%2Fg%2F1tftmdl6!19sChIJU-9kg6kzCpYRkC-K1e3kAsc?authuser=0&hl=en&rclk=1,Jumbo,Supermarket,"Es un supermercado, su función principal es la venta de productos generales",Restaurant en Zona Alto Neuquén Capital,2026-01-07T10:57:41.689177,2026-01-07T13:15:41.291115
https://www.google.com/maps/place/insumos+cerveceros+neuquen/data=!4m7!3m6!1s0x960a33bc81058d23:0x89ff56067a1a579e!8m2!3d-38.9813396!4d-68.3160785!16s%2Fg%2F11dfgrw7yt!19sChIJI40FgbwzCpYRnlcaegZW_4k?authuser=0&hl=en&rclk=1,insumos cerveceros neuquen,Brewing supply store,"Es una tienda de insumos cerveceros, vende suministros, no comida/bebida para consumo inmediato",Cervecería en Zona Alto Neuquén Capital,2026-01-07T10:58:20.702428,2026-01-07T13:15:41.291115
"https://www.google.com/maps/place/Vinancio,+Winery+Lab+-+Vinoteca/data=!4m7!3m6!1s0x960a33002a68debb:0x55b777e3875d919a!8m2!3d-38.9440755!4d-68.0631159!16s%2Fg%2F11wfl6lxd3!19sChIJu95oKgAzCpYRmpFdh-N3t1U?authuser=0&hl=en&rclk=1","Vinancio, Winery Lab - Vinoteca",Wine store,"Es una vinoteca/tienda de vinos, su función principal es la venta minorista de bebidas, no el consumo en el lugar",Cervecería en Zona Alto Neuquén Capital,2026-01-07T10:58:20.702428,2026-01-07T13:15:41.291115
https://www.google.com/maps/place/Panificadora+Zoriquen/data=!4m7!3m6!1s0x960a33b600879ab3:0x14d7dbfac5608a43!8m2!3d-38.9563059!4d-68.071725!16s%2Fg%2F11g71yvy0x!19sChIJs5qHALYzCpYRQ4pgxfrb1xQ?authuser=0&hl=en&rclk=1,Panificadora Zoriquen,Wholesale bakery,"Es una panificadora mayorista, su función principal es la producción y venta al por mayor, no la venta directa al consumidor para consumo inmediato",Panadería en Zona Alto Neuquén Capital,2026-01-07T10:58:59.956690,2026-01-07T13:15:41.291115
https://www.google.com/maps/place/Panificadora+SIGLOXXI/data=!4m7!3m6!1s0x960a31872f1d0335:0x9cf9c800e48c1c1f!8m2!3d-38.9612613!4d-68.0454344!16s%2Fg%2F11c5b2c72k!19sChIJNQMdL4cxCpYRHxyM5ADI-Zw?authuser=0&hl=en&rclk=1,Panificadora SIGLOXXI,Wholesale bakery,"Es una panificadora mayorista, no un establecimiento de venta directa al consumidor",Panadería en Zona Alto Neuquén Capital,2026-01-07T10:58:59.956690,2026-01-07T13:15:41.291115
https://www.google.com/maps/place/PANADERIA+Y+DESPENSA+QUITA/data=!4m7!3m6!1s0x960a33b15e87c8e3:0x9e870bb09c96a891!8m2!3d-38.9573734!4d-68.0789434!16s%2Fg%2F11b7278hdf!19sChIJ48iHXrEzCpYRkaiWnLALh54?authuser=0&hl=en&rclk=1,PANADERIA Y DESPENSA QUITA,Storage facility,"Es una instalación de almacenamiento, no un establecimiento gastronómico",Panadería en Zona Alto Neuquén Capital,2026-01-07T10:58:59.956690,2026-01-07T13:15:41.291115
https://www.google.com/maps/place/HAMBURGUESAS+LA+PLATA+NEUQUEN/data=!4m7!3m6!1s0x960a337cf5a2f8d7:0x165f1eae5edddf4d!8m2!3d-38.9545143!4d-68.0560644!16s%2Fg%2F11y98xbs8h!19sChIJ1_ii9XwzCpYRTd_dXq4eXxY?authuser=0&hl=en&rclk=1,HAMBURGUESAS LA PLATA NEUQUEN,Market,"Categorizado como 'Market', no es un establecimiento gastronómico principal",Hamburguesería en Zona Oeste Neuquén Capital,2026-01-07T11:00:32.230830,2026-01-07T13:15:41.291115
https://www.google.com/maps/place/Paseo+de+la+Patagonia+Shopping+Center/data=!4m7!3m6!1s0x960a33bc7b83f3c1:0xa741c2e0a99e3c0e!8m2!3d-38.9467345!4d-68.0738351!16s%2Fg%2F1pty4k0_7!19sChIJwfODe7wzCpYRDjyeqeDCQac?authuser=0&hl=en&rclk=1,Paseo de la Patagonia Shopping Center,Shopping mall,"Es un centro comercial, no es un establecimiento gastronómico en sí",Restaurante en Zona Alto Neuquén Capital,2026-01-07T11:02:09.321681,2026-01-07T13:15:41.291115
https://www.google.com/maps/place/Parque+Central/data=!4m7!3m6!1s0x960a331a1a702803:0xbf4004bd9ea32217!8m2!3d-38.9565809!4d-68.0588197!16s%2Fg%2F11f65w4j1n!19sChIJAyhwGhozCpYRFyKjnr0EQL8?authuser=0&hl=en&rclk=1,Parque Central,Park,"Es un parque, no vende comida",Restaurante en Zona Alto Neuquén Capital,2026-01-07T11:02:09.321681,2026-01-07T13:15:41.291115
https://www.google.com/maps/place/Herradura+Hotel+Suites/data=!4m7!3m6!1s0x960bcc074247cb49:0xbb4fc071e11b2243!8m2!3d-38.956958!4d-68.1745181!16s%2Fg%2F1thhlqdz!19sChIJSctHQgfMC5YRQyIb4XHAT7s?authuser=0&hl=en&rclk=1,Herradura Hotel Suites,Hotel,"Es un hotel, no es un establecimiento gastronómico principal",Restaurante en Zona Alto Neuquén Capital,2026-01-07T11:02:09.321681,2026-01-07T13:15:41.291115
https://www.google.com/maps/place/Dulzuras+para+Compartir/data=!4m7!3m6!1s0x960a3328bf64f9a5:0x68b172a83cafead3!8m2!3d-38.9381563!4d-68.1349109!16s%2Fg%2F11p5ndy90v!19sChIJpflkvygzCpYR0-qvPKhysWg?authuser=0&hl=en&rclk=1,Dulzuras para Compartir,Gift shop,"Tienda de regalos, no establecimiento gastronómico principal",Desayunos en Neuquén Capital,2026-01-07T11:08:00.756618,2026-01-07T13:15:41.291115
https://www.google.com/maps/place/Rinc%C3%B3n+de+mi+Tierra/data=!4m7!3m6!1s0x960a33955bd53a35:0x95c2ad04b4b5fbbd!8m2!3d-38.9648289!4d-68.0604897!16s%2Fg%2F11t1k9373h!19sChIJNTrVW5UzCpYRvfu1tAStwpU?authuser=0&hl=en&rclk=1,Rincón de mi Tierra,Store,"Tienda, no establecimiento gastronómico principal",Desayunos en Neuquén Capital,2026-01-07T11:08:00.756618,2026-01-07T13:15:41.291115
https://www.google.com/maps/place/Autoservicio+La+Llave/data=!4m7!3m6!1s0x960a33dc90920559:0xb45fccc34d4e1b38!8m2!3d-38.942852!4d-68.057997!16s%2Fg%2F11c1tdr4c1!19sChIJWQWSkNwzCpYROBtOTcPMX7Q?authuser=0&hl=en&rclk=1,Autoservicio La Llave,Store,"Es una tienda (store), no es un establecimiento gastronómico principal",Heladería en Zona Oeste Neuquén Capital,2026-01-07T11:08:22.555292,2026-01-07T13:15:41.291115
https://www.google.com/maps/place/TerNuAnimeX/data=!4m7!3m6!1s0x960a33c83e2e9585:0x9f3c792f22af399d!8m2!3d-38.9445373!4d-68.073359!16s%2Fg%2F11g6nhqmdl!19sChIJhZUuPsgzCpYRnTmvIi95PJ8?authuser=0&hl=en&rclk=1,TerNuAnimeX,Gift shop,"Es una tienda de regalos, no vende comida o bebidas como función principal",Heladería en Zona Oeste Neuquén Capital,2026-01-07T11:08:22.555292,2026-01-07T13:15:41.291115
https://www.google.com/maps/place/Deposito+Grido/data=!4m7!3m6!1s0x960a33b1251dd2d3:0xe399472ef5cb1331!8m2!3d-38.9555961!4d-68.0783644!16s%2Fg%2F11c6_q7g2z!19sChIJ09IdJbEzCpYRMRPL9S5HmeM?authuser=0&hl=en&rclk=1,Deposito Grido,Grocery store,"Es una tienda de abarrotes/supermercado, no es un establecimiento gastronómico dedicado",Heladería en Zona Oeste Neuquén Capital,2026-01-07T11:08:22.555292,2026-01-07T13:15:41.291115
https://www.google.com/maps/place/Salon+De+Veteranos+De+Guerra/data=!4m7!3m6!1s0x960a318b0c3b55f1:0x75b715a259888ec6!8m2!3d-38.9734911!4d-68.0436246!16s%2Fg%2F11hcz_5vhb!19sChIJ8VU7DIsxCpYRxo6IWaIVt3U?authuser=0&hl=en&rclk=1,Salon De Veteranos De Guerra,Lounge,"Es un salón de veteranos (lounge), no tiene como función principal vender comida o bebidas",Bar en Centro Neuquén Capital,2026-01-07T11:09:39.102078,2026-01-07T13:15:41.291115
https://www.google.com/maps/place/Espacio+La+Dolce+Vita+SRL/data=!4m7!3m6!1s0x960a333cfa7317d1:0x5bad708b81a7961f!8m2!3d-38.9757906!4d-68.0326948!16s%2Fg%2F11rwnkq0py!19sChIJ0Rdz-jwzCpYRH5angYtwrVs?authuser=0&hl=en&rclk=1,Espacio La Dolce Vita SRL,Lounge,"Es un lounge, no tiene como función principal vender comida o bebidas",Bar en Centro Neuquén Capital,2026-01-07T11:09:39.102078,2026-01-07T13:15:41.291115
https://www.google.com/maps/place/Hiper+ChangoM%C3%A2s/data=!4m7!3m6!1s0x960a317c8e066759:0xe28168bdd3fab16b!8m2!3d-38.9600422!4d-68.0407916!16s%2Fg%2F1wh4h12m!19sChIJWWcGjnwxCpYRa7H6071ogeI?authuser=0&hl=en&rclk=1,Hiper ChangoMâs,Supermarket,"Es un supermercado, no un establecimiento gastronómico",Fast food en Neuquén Capital,2026-01-07T11:12:15.746924,2026-01-07T13:15:41.291115
https://www.google.com/maps/place/Carrefour+Hipermercado/data=!4m7!3m6!1s0x960a336a5bfcda9f:0x87eb25cb5ff4e5c3!8m2!3d-38.9467912!4d-68.1100376!16s%2Fg%2F11_sq_zdz!19sChIJn9r8W2ozCpYRw-X0X8sl64c?authuser=0&hl=en&rclk=1,Carrefour Hipermercado,Grocery store,"Es un supermercado/hipermercado, no un establecimiento gastronómico dedicado",Fast food en Neuquén Capital,2026-01-07T11:12:15.746924,2026-01-07T13:15:41.291115
https://www.google.com/maps/place/Kanji+Sushi/data=!4m7!3m6!1s0x960a33256823ad9f:0x316fd700bac1ce0a!8m2!3d-38.985945!4d-68.0885071!16s%2Fg%2F11xtx6tgtf!19sChIJn60jaCUzCpYRCs7BugDXbzE?authuser=0&hl=en&rclk=1,Kanji Sushi,Cooking class,"Es una clase de cocina, no un establecimiento que venda comida para consumir como función principal",Comida japonesa en Neuquén Capital,2026-01-07T11:13:13.615471,2026-01-07T13:15:41.291115
https://www.google.com/maps/place/CASINO+DEL+R%C3%8DO+-+CIPOLLETTI/data=!4m7!3m6!1s0x960a31093c1193d5:0xb4cfd3ec21345f32!8m2!3d-38.9467509!4d-68.0151251!16s%2Fg%2F1td2j2td!19sChIJ1ZMRPAkxCpYRMl80IezTz7Q?authuser=0&hl=en&rclk=1,CASINO DEL RÍO - CIPOLLETTI,Hotel,"Es un hotel, su función principal es el alojamiento, no la venta de comida como actividad principal",Restaurante en cerca del río en Neuquén Capital,2026-01-07T11:14:28.280980,2026-01-07T13:15:41.291115
https://www.google.com/maps/place/Mercado+Villa+Maria+%28Autoservicio+y+Verduras%29/data=!4m7!3m6!1s0x960a322e2984f001:0x7ec2f7a74bccbc85!8m2!3d-38.9658049!4d-68.0596008!16s%2Fg%2F11g01spr45!19sChIJAfCEKS4yCpYRhbzMS6f3wn4?authuser=0&hl=en&rclk=1,Mercado Villa Maria (Autoservicio y Verduras),Market,"Es un mercado/autoservicio, su función principal es la venta de productos, no el consumo en el lugar",Cervecería en Zona Oeste Neuquén Capital,2026-01-07T11:14:51.743737,2026-01-07T13:15:41.291115
https://www.google.com/maps/place/Hostel+Punto+Patag%C3%B3nico+Neuqu%C3%A9n/data=!4m7!3m6!1s0x960a33c527f12b19:0xc9c472641c47f3c7!8m2!3d-38.9466357!4d-68.0604994!16s%2Fg%2F1hhhcnyg_!19sChIJGSvxJ8UzCpYRx_NHHGRyxMk?authuser=0&hl=en&rclk=1,Hostel Punto Patagónico Neuquén,Hostel,"Es un hostel, alojamiento, no su función principal vender comida",Parrilla en Zona Oeste Neuquén Capital,2026-01-07T11:15:27.832599,2026-01-07T13:15:41.291115
https://www.google.com/maps/place/Balneario+Municipal+Neuqu%C3%A9n/data=!4m7!3m6!1s0x960a3226d3bf8a47:0x20cf627112fd8e2e!8m2!3d-38.9718043!4d-68.0471274!16s%2Fg%2F1hc6ng7tp!19sChIJR4q_0yYyCpYRLo79EnFizyA?authuser=0&hl=en&rclk=1,Balneario Municipal Neuquén,City park,"Es un parque/balneario municipal, no establecimiento gastronómico",Parrilla en Zona Oeste Neuquén Capital,2026-01-07T11:15:27.832599,2026-01-07T13:15:41.291115
https://www.google.com/maps/place/Club+de+Picadas+y+Empanadas/data=!4m7!3m6!1s0x960a339bbf199e3f:0xd04e60607e5ba688!8m2!3d-38.9515829!4d-68.0591925!16s%2Fg%2F11j37l8cjp!19sChIJP54Zv5szCpYRiKZbfmBgTtA?authuser=0&hl=en&rclk=1,Club de Picadas y Empanadas,Grocery store,"Su categoría es 'tienda de abarrotes/grocery store', que se enfoca en la venta de productos para el hogar, no es un establecimiento gastronómico.",Empanadas en Neuquén Capital,2026-01-07T11:16:40.809514,2026-01-07T13:15:41.291115
https://www.google.com/maps/place/Pastas+Frescas+La+Superiora/data=!4m7!3m6!1s0x960a33cfa067ec03:0x8841cf860b5c9733!8m2!3d-38.8893572!4d-68.1024757!16s%2Fg%2F11bbrlms5z!19sChIJA-xnoM8zCpYRM5dcC4bPQYg?authuser=0&hl=en&rclk=1,Pastas Frescas La Superiora,Store,"Categorizado como 'Store' (tienda), probablemente vende pastas frescas para preparar en casa, no para consumo inmediato.",Empanadas en Neuquén Capital,2026-01-07T11:16:40.809514,2026-01-07T13:15:41.291115
https://www.google.com/maps/place/SuperCongelados+del+Sur/data=!4m7!3m6!1s0x960a322e7b84fb79:0x658213fd7d4c4c57!8m2!3d-38.9635008!4d-68.0571836!16s%2Fg%2F1q628q0yy!19sChIJefuEey4yCpYRV0xMff0TgmU?authuser=0&hl=en&rclk=1,SuperCongelados del Sur,Food broker,"Es un corredor de alimentos (food broker), no un establecimiento de venta directa al consumidor para consumo inmediato",Heladería en Zona Alto Neuquén Capital,2026-01-07T11:17:59.009248,2026-01-07T13:15:41.291115
https://www.google.com/maps/place/Minimercado+%22El+Viejito%22/data=!4m7!3m6!1s0x960a31872b52d249:0x7a01019a38e0d7b3!8m2!3d-38.9610802!4d-68.0450661!16s%2Fg%2F11c1rtrb_w!19sChIJSdJSK4cxCpYRs9fgOJoBAXo?authuser=0&hl=en&rclk=1,"Minimercado ""El Viejito""",Grocery store,"Es un minimercado (grocery store), su función principal es la venta de productos generales, no específicamente comida para consumir en el lugar.",Heladería en Zona Alto Neuquén Capital,2026-01-07T11:17:59.009248,2026-01-07T13:15:41.291115
https://www.google.com/maps/place/Nativo+Skateshop/data=!4m7!3m6!1s0x960a3381ffac94a1:0x2b6fa842757ed594!8m2!3d-38.9519659!4d-68.0603289!16s%2Fg%2F11gx_w47zm!19sChIJoZSs_4EzCpYRlNV-dUKobys?authuser=0&hl=en&rclk=1,Nativo Skateshop,Skateboard shop,"Es una tienda de skate (skateboard shop), no vende comida o bebidas como función principal.",Heladería en Zona Alto Neuquén Capital,2026-01-07T11:17:59.009248,2026-01-07T13:15:41.291115
https://www.google.com/maps/place/Bora+Bora/data=!4m7!3m6!1s0x960a33cc2d1fff41:0x123a2da91dfb86e8!8m2!3d-38.9544838!4d-68.0630645!16s%2Fg%2F11b724qss3!19sChIJQf8fLcwzCpYR6Ib7HaktOhI?authuser=0&hl=en&rclk=1,Bora Bora,Sin categoría,"Sin categoría proporcionada, el nombre 'Bora Bora' es ambiguo y no indica claramente una función gastronómica; podría ser un club, tienda u otro tipo de negocio.",Pub en Zona Alto Neuquén Capital,2026-01-07T11:20:54.463411,2026-01-07T13:15:41.291115
https://www.google.com/maps/place/Placeres+Vinoteca/data=!4m7!3m6!1s0x960a33d03808738f:0x55253db97e0de4b1!8m2!3d-38.9505206!4d-68.0582179!16s%2Fg%2F11cs23bftx!19sChIJj3MIONAzCpYRseQNfrk9JVU?authuser=0&hl=en&rclk=1,Placeres Vinoteca,Wine store,"Es una vinoteca (wine store), principalmente una tienda de venta de vinos al por menor, no un establecimiento para consumir en el lugar.",Pub en Zona Alto Neuquén Capital,2026-01-07T11:20:54.463411,2026-01-07T13:15:41.291115
https://www.google.com/maps/place/Depa+de+los+pibes/data=!4m7!3m6!1s0x960a33cf03c9a5bd:0x95f807a888cfaacf!8m2!3d-38.9515077!4d-68.0806156!16s%2Fg%2F11fd_qp444!19sChIJvaXJA88zCpYRz6rPiKgH-JU?authuser=0&hl=en&rclk=1,Depa de los pibes,Liquor store,"Liquor store es una tienda de licores, no un lugar para consumir comida o bebidas en el sitio",Pub en Zona Alto Neuquén Capital,2026-01-07T11:20:54.463411,2026-01-07T13:15:41.291115
https://www.google.com/maps/place/supermercado+express/data=!4m7!3m6!1s0x960a33bb2076fb49:0x9ff232c3eb61f150!8m2!3d-38.9507087!4d-68.082436!16s%2Fg%2F11gf9q1z1f!19sChIJSft2ILszCpYRUPFh68My8p8?authuser=0&hl=en&rclk=1,supermercado express,Chinese supermarket,"Supermercado es una tienda de venta de productos, no un establecimiento para consumir en el lugar.",Comida china en Neuquén Capital,2026-01-07T11:22:31.387059,2026-01-07T13:15:41.291115
https://www.google.com/maps/place/Masajes+Chinos+Terap%C3%A9uticos+El+Yin+y+el+Yang+NQN/data=!4m7!3m6!1s0x960a3304c84c2207:0xc41ea9038b47d6c7!8m2!3d-38.9454601!4d-68.0680396!16s%2Fg%2F11f7b77d65!19sChIJByJMyAQzCpYRx9ZHiwOpHsQ?authuser=0&hl=en&rclk=1,Masajes Chinos Terapéuticos El Yin y el Yang NQN,Massage therapist,"Masajista es un servicio terapéutico, no vende comida ni bebidas.",Comida china en Neuquén Capital,2026-01-07T11:22:31.387059,2026-01-07T13:15:41.291115
https://www.google.com/maps/place/Mercado+City/data=!4m7!3m6!1s0x960a310a5992a569:0x118cc42e9681ea1b!8m2!3d-38.9556443!4d-68.0425838!16s%2Fg%2F11f75ykxv6!19sChIJaaWSWQoxCpYRG-qBli7EjBE?authuser=0&hl=en&rclk=1,Mercado City,Asian grocery store,"Tienda de comestibles es un lugar de venta de productos, no para consumo inmediato.",Comida china en Neuquén Capital,2026-01-07T11:22:31.387059,2026-01-07T13:15:41.291115
https://www.google.com/maps/place/Cotillon+Siglo+21+centro/data=!4m7!3m6!1s0x960a322d5697b3ab:0x96e1dbbf20827301!8m2!3d-38.9591513!4d-68.059633!16s%2Fg%2F1vhq4xfs!19sChIJq7OXVi0yCpYRAXOCIL_b4ZY?authuser=0&hl=en&rclk=1,Cotillon Siglo 21 centro,Party store,"Es una tienda de artículos para fiestas (party store), no vende comida como función principal",Pastelería en Zona Oeste Neuquén Capital,2026-01-07T11:23:44.852892,2026-01-07T13:15:41.291115
https://www.google.com/maps/place/Supermercado+Capriolo/data=!4m7!3m6!1s0x960a3237e93f9959:0x9e287ff9534dc91c!8m2!3d-38.9697013!4d-68.0706812!16s%2Fg%2F1tpn3s1n!19sChIJWZk_6TcyCpYRHMlNU_l_KJ4?authuser=0&hl=en&rclk=1,Supermercado Capriolo,Supermarket,"Es un supermercado, no un establecimiento gastronómico dedicado",Pastelería en Zona Oeste Neuquén Capital,2026-01-07T11:23:44.852892,2026-01-07T13:15:41.291115
https://www.google.com/maps/place/Veguicioso!!/data=!4m7!3m6!1s0x960a33bc71648db1:0xb8079561c4bf6d2d!8m2!3d-38.9407143!4d-68.1040742!16s%2Fg%2F11qjmyx342!19sChIJsY1kcbwzCpYRLW2_xGGVB7g?authuser=0&hl=en&rclk=1,Veguicioso!!,Grocery store,"Es una tienda de comestibles (grocery store), no un establecimiento gastronómico dedicado",Comida vegana en Neuquén Capital,2026-01-07T11:25:59.003966,2026-01-07T13:15:41.291115
https://www.google.com/maps/place/IGI+Neuqu%C3%A9n+-+Instituto+Gastron%C3%B3mico+Internacional/data=!4m7!3m6!1s0x960a33d0283fc75d:0xc238f4a25ef38dfc!8m2!3d-38.9508781!4d-68.0595901!16s%2Fg%2F11hd9lpgs0!19sChIJXcc_KNAzCpYR_I3zXqL0OMI?authuser=0&hl=en&rclk=1,IGI Neuquén - Instituto Gastronómico Internacional,Cooking school,"Es una escuela de cocina, su función principal es la enseñanza, no la venta de comida/bebidas para consumir.",Gastronomía en Neuquén Capital,2026-01-07T11:26:17.633300,2026-01-07T13:15:41.291115
https://www.google.com/maps/place/IGA+Neuqu%C3%A9n+%7C+Instituto+Gastron%C3%B3mico+de+las+Am%C3%A9ricas/data=!4m7!3m6!1s0x960a33c940b082f1:0x5b814384deb2a9b9!8m2!3d-38.9540514!4d-68.066899!16s%2Fg%2F1wk4f7ll!19sChIJ8YKwQMkzCpYRuamy3oRDgVs?authuser=0&hl=en&rclk=1,IGA Neuquén | Instituto Gastronómico de las Américas,Cooking school,"Es una escuela de cocina, su función principal es la enseñanza, no la venta de comida/bebidas para consumir.",Gastronomía en Neuquén Capital,2026-01-07T11:26:17.633300,2026-01-07T13:15:41.291115
https://www.google.com/maps/place/Gastron%C3%B3mica+Sur/data=!4m7!3m6!1s0x960a339a3534c31f:0xd331d9db92d090ea!8m2!3d-38.9495482!4d-68.1006869!16s%2Fg%2F11l2p2lx_h!19sChIJH8M0NZozCpYR6pDQktvZMdM?authuser=0&hl=en&rclk=1,Gastronómica Sur,Bakery equipment,"Vende equipamiento para panaderías, no comida/bebidas para consumir.",Gastronomía en Neuquén Capital,2026-01-07T11:26:17.633300,2026-01-07T13:15:41.291115
https://www.google.com/maps/place/Gastronomic+Union+Uthgra/data=!4m7!3m6!1s0x960a33cea8f55699:0x4440386674851b8c!8m2!3d-38.9512149!4d-68.0675523!16s%2Fg%2F11b72btjx3!19sChIJmVb1qM4zCpYRjBuFdGY4QEQ?authuser=0&hl=en&rclk=1,Gastronomic Union Uthgra,Association / Organization,"Es una asociación u organización, no un establecimiento que venda comida/bebidas.",Gastronomía en Neuquén Capital,2026-01-07T11:26:17.633300,2026-01-07T13:15:41.291115
https://www.google.com/maps/place/Le+Gourmet+-+Tienda+Gastron%C3%B3mica/data=!4m7!3m6!1s0x960a33bc951de0c7:0x2353303be04aaada!8m2!3d-38.45155!4d-63.5989957!16s%2Fg%2F11g2y1c9ld!19sChIJx-AdlbwzCpYR2qpK4DswUyM?authuser=0&hl=en&rclk=1,Le Gourmet - Tienda Gastronómica,Bazar,"Es un bazar/tienda de artículos, no vende comida/bebidas para consumir.",Gastronomía en Neuquén Capital,2026-01-07T11:26:17.633300,2026-01-07T13:15:41.291115
https://www.google.com/maps/place/Mila+Express/data=!4m7!3m6!1s0x960a33dce75b25af:0xd999aa828075f652!8m2!3d-38.9626211!4d-68.0782821!16s%2Fg%2F11y0cz180f!19sChIJryVb59wzCpYRUvZ1gIKqmdk?authuser=0&hl=en&rclk=1,Mila Express,Food manufacturer,"Es un fabricante de alimentos, no un establecimiento de venta directa al consumidor",Milanesas en Neuquén Capital,2026-01-07T11:28:05.134447,2026-01-07T13:15:41.291115
https://www.google.com/maps/place/Al+Cesar+las+Milanesas/data=!4m7!3m6!1s0x960a33c996acec4f:0x237f533c048fcab4!8m2!3d-38.9392743!4d-68.0819893!16s%2Fg%2F11fmq0ky2j!19sChIJT-yslskzCpYRtMqPBDxTfyM?authuser=0&hl=en&rclk=1,Al Cesar las Milanesas,Grocery store,"Es una tienda de abarrotes (grocery store), no un establecimiento gastronómico",Milanesas en Neuquén Capital,2026-01-07T11:28:05.134447,2026-01-07T13:15:41.291115
https://www.google.com/maps/place/El+Rey+de+la+Milanesa/data=!4m7!3m6!1s0x960a33a051ff1f39:0xbef72088e7138516!8m2!3d-38.947375!4d-68.092848!16s%2Fg%2F11b73qs0dz!19sChIJOR__UaAzCpYRFoUT54gg974?authuser=0&hl=en&rclk=1,El Rey de la Milanesa,Storage facility,"Es una instalación de almacenamiento, no vende comida",Milanesas en Neuquén Capital,2026-01-07T11:28:05.134447,2026-01-07T13:15:41.291115
https://www.google.com/maps/place/Los+Gurises/data=!4m7!3m6!1s0x960a339d71880241:0x6c35221a446ecce7!8m2!3d-38.9378014!4d-68.0943298!16s%2Fg%2F1tmplp_9!19sChIJQQKIcZ0zCpYR58xuRBoiNWw?authuser=0&hl=en&rclk=1,Los Gurises,Add website,La categoría 'Add website' no indica función gastronómica,Milanesas en Neuquén Capital,2026-01-07T11:28:05.134447,2026-01-07T13:15:41.291115
https://www.google.com/maps/place/POLLITA+M%C3%8DA/data=!4m7!3m6!1s0x960a33ecb1174195:0x8b4fa84349a7860!8m2!3d-38.9506893!4d-68.0823031!16s%2Fg%2F11lfzq6gt_!19sChIJlUEXsewzCpYRYHiaNIT6tAg?authuser=0&hl=en&rclk=1,POLLITA MÍA,Poultry store,"Es una tienda de aves (poultry store), no un restaurante",Milanesas en Neuquén Capital,2026-01-07T11:28:05.134447,2026-01-07T13:15:41.291115
https://www.google.com/maps/place/Ajo+y+perejil+elaboraci%C3%B3n+de+milanesas/data=!4m7!3m6!1s0x960a31e3ef74d281:0xc90cd9dc29e39bbc!8m2!3d-38.9631995!4d-68.0396401!16s%2Fg%2F11tf2cpj2s!19sChIJgdJ07-MxCpYRvJvjKdzZDMk?authuser=0&hl=en&rclk=1,Ajo y perejil elaboración de milanesas,Chicken shop,"Es una tienda de pollos (chicken shop), no un establecimiento gastronómico",Milanesas en Neuquén Capital,2026-01-07T11:28:05.134447,2026-01-07T13:15:41.291115
https://www.google.com/maps/place/Milanesas+al+toke/data=!4m7!3m6!1s0x960a333f4f8043ed:0xd22fd9b1051094c8!8m2!3d-38.9451535!4d-68.0952891!16s%2Fg%2F11jcxll7hv!19sChIJ7UOATz8zCpYRyJQQBbHZL9I?authuser=0&hl=en&rclk=1,Milanesas al toke,Grocery store,"Grocery store (tienda de abarrotes) es un supermercado/minimarket, no un establecimiento gastronómico",Milanesas en Neuquén Capital,2026-01-07T11:28:05.134447,2026-01-07T13:15:41.291115
https://www.google.com/maps/place/El+Almac%C3%A9n+Del+Rulo/data=!4m7!3m6!1s0x960a32392d14977f:0xe1271b83dfd16083!8m2!3d-38.9753159!4d-68.0679719!16s%2Fg%2F11cs39zxlj!19sChIJf5cULTkyCpYRg2DR34MbJ-E?authuser=0&hl=en&rclk=1,El Almacén Del Rulo,Home goods store,Home goods store (tienda de artículos para el hogar) no vende comida como función principal,Milanesas en Neuquén Capital,2026-01-07T11:28:05.134447,2026-01-07T13:15:41.291115
https://www.google.com/maps/place/La+Casa+del+Cerdo/data=!4m7!3m6!1s0x960a3348d422356b:0xd9db2d8ea80551c5!8m2!3d-38.9631973!4d-68.0589394!16s%2Fg%2F11fq4ssp_x!19sChIJazUi1EgzCpYRxVEFqI4t29k?authuser=0&hl=en&rclk=1,La Casa del Cerdo,Butcher shop,"Es una carnicería (butcher shop), tienda de venta de carne, no un lugar para consumir comida",Milanesas en Neuquén Capital,2026-01-07T11:28:05.134447,2026-01-07T13:15:41.291115
https://www.google.com/maps/place/La+casa+de+Milanesa/data=!4m7!3m6!1s0x960a35003eb03707:0x3863d5e4b036741b!8m2!3d-38.882786!4d-68.095936!16s%2Fg%2F11xs8jm50r!19sChIJBzewPgA1CpYRG3Q2sOTVYzg?authuser=0&hl=en&rclk=1,La casa de Milanesa,Condominium complex,"Es un complejo de condominios, no un establecimiento de venta de comida o bebidas",Milanesas en Neuquén Capital,2026-01-07T11:28:05.134447,2026-01-07T13:15:41.291115
https://www.google.com/maps/place/Mafalda/data=!4m7!3m6!1s0x960a322ad600d1fb:0x565da9727e51a9c2!8m2!3d-38.9574125!4d-68.0508853!16s%2Fg%2F11h40z84w7!19sChIJ-9EA1ioyCpYRwqlRfnKpXVY?authuser=0&hl=en&rclk=1,Mafalda,Grocery store,"Es una tienda de abarrotes (grocery store), no un lugar para consumir comida",Milanesas en Neuquén Capital,2026-01-07T11:28:05.134447,2026-01-07T13:15:41.291115
https://www.google.com/maps/place/La+Comarca+Casa+De+Milanesas+Y+Polleria/data=!4m7!3m6!1s0x960a30c35d62be63:0x47aa94c4cac95812!8m2!3d-38.9200615!4d-67.9866834!16s%2Fg%2F11j34rtkxd!19sChIJY75iXcMwCpYREljJysSUqkc?authuser=0&hl=en&rclk=1,La Comarca Casa De Milanesas Y Polleria,Meat products store,"Es una tienda de productos cárnicos (meat products store), no un lugar para consumir comida",Milanesas en Neuquén Capital,2026-01-07T11:28:05.134447,2026-01-07T13:15:41.291115
https://www.google.com/maps/place/Pin-Pollo+Poller%C3%ADa+Almac%C3%A9n+Natural/data=!4m7!3m6!1s0x960a339a2c476409:0x3901bc9792a1d67b!8m2!3d-38.9650199!4d-68.0624459!16s%2Fg%2F11p6vtxgtj!19sChIJCWRHLJozCpYRe9ahkpe8ATk?authuser=0&hl=en&rclk=1,Pin-Pollo Pollería Almacén Natural,Store,"Es una tienda (store) que incluye pollería y almacén, no un lugar para consumir comida",Milanesas en Neuquén Capital,2026-01-07T11:28:05.134447,2026-01-07T13:15:41.291115
https://www.google.com/maps/place/POLLERIA+%22ALITAS+ARRIBA%22/data=!4m7!3m6!1s0x960a334c25b083ed:0xc386b80f593f7073!8m2!3d-38.9626731!4d-68.0516891!16s%2Fg%2F11r9dpr9ks!19sChIJ7YOwJUwzCpYRc3A_WQ-4hsM?authuser=0&hl=en&rclk=1,"POLLERIA ""ALITAS ARRIBA""",Chicken shop,"Es una tienda de pollo (chicken shop), no un restaurante para consumir comida",Milanesas en Neuquén Capital,2026-01-07T11:28:05.134447,2026-01-07T13:15:41.291115
https://www.google.com/maps/place/Polleria+El+Pela/data=!4m7!3m6!1s0x960a310ec21d12e5:0x403d049d570bbc8f!8m2!3d-38.9569773!4d-68.0395184!16s%2Fg%2F11fs7zdcgf!19sChIJ5RIdwg4xCpYRj7wLV50EPUA?authuser=0&hl=en&rclk=1,Polleria El Pela,Supermarket,"Es un supermercado, no un lugar para consumir comida",Milanesas en Neuquén Capital,2026-01-07T11:28:05.134447,2026-01-07T13:15:41.291115
https://www.google.com/maps/place/Flor+de+Pechuga/data=!4m7!3m6!1s0x960a33f7b120dfab:0x56df6fd404f880f3!8m2!3d-38.9484182!4d-68.0709026!16s%2Fg%2F11k1n8qp8c!19sChIJq98gsfczCpYR84D4BNRv31Y?authuser=0&hl=en&rclk=1,Flor de Pechuga,Poultry store,"Es una tienda de aves (poultry store), no un lugar para consumir comida",Milanesas en Neuquén Capital,2026-01-07T11:28:05.134447,2026-01-07T13:15:41.291115
https://www.google.com/maps/place/Todo+Fresco/data=!4m7!3m6!1s0x960a33d422a93a2f:0xc59faa5d6063f480!8m2!3d-38.9530209!4d-68.0523755!16s%2Fg%2F11bvvy60s6!19sChIJLzqpItQzCpYRgPRjYF2qn8U?authuser=0&hl=en&rclk=1,Todo Fresco,Store,"Categoría 'Store' sugiere tienda, no establecimiento gastronómico principal",Milanesas en Neuquén Capital,2026-01-07T11:28:05.134447,2026-01-07T13:15:41.291115
https://www.google.com/maps/place/Distribuidora+Pollomania/data=!4m7!3m6!1s0x960a335ef7174393:0x67aaf3093a71fb6f!8m2!3d-38.93466!4d-68.13293!16s%2Fg%2F11dybh0gnc!19sChIJk0MX914zCpYRb_txOgnzqmc?authuser=0&hl=en&rclk=1,Distribuidora Pollomania,Grocery store,Categoría 'Grocery store' es supermercado o tienda de comestibles,Milanesas en Neuquén Capital,2026-01-07T11:28:05.134447,2026-01-07T13:15:41.291115
https://www.google.com/maps/place/Granja+Del+Valle+Pollolin/data=!4m7!3m6!1s0x960a3314c923a871:0xd6e9c59165cd7f99!8m2!3d-38.9503086!4d-68.1151161!16s%2Fg%2F11cs39dr13!19sChIJcagjyRQzCpYRmX_NZZHF6dY?authuser=0&hl=en&rclk=1,Granja Del Valle Pollolin,Butcher shop,"Categoría 'Butcher shop' es carnicería, no establecimiento para consumir comida",Milanesas en Neuquén Capital,2026-01-07T11:28:05.134447,2026-01-07T13:15:41.291115
https://www.google.com/maps/place/La+Casa+Del+Fiambre/data=!4m7!3m6!1s0x960a322e2b578de7:0x12108c745ddf152!8m2!3d-38.9668672!4d-68.0594902!16s%2Fg%2F11h6f_clwy!19sChIJ541XKy4yCpYRUvHdRccIIQE?authuser=0&hl=en&rclk=1,La Casa Del Fiambre,Warehouse,"Es un almacén (warehouse), no un establecimiento de venta directa de comida para consumo inmediato",Milanesas en Neuquén Capital,2026-01-07T11:28:05.134447,2026-01-07T13:15:41.291115
https://www.google.com/maps/place/Polleria+El+Cielo+Del+Pollo/data=!4m7!3m6!1s0x960a33fd234e462d:0x626ac4ed0f4d532f!8m2!3d-38.9360058!4d-68.1170155!16s%2Fg%2F11hdj67v5v!19sChIJLUZOI_0zCpYRL1NND-3EamI?authuser=0&hl=en&rclk=1,Polleria El Cielo Del Pollo,Grocery store,"Es una tienda de abarrotes (grocery store), no un establecimiento gastronómico",Milanesas en Neuquén Capital,2026-01-07T11:28:05.134447,2026-01-07T13:15:41.291115
https://www.google.com/maps/place/Poller%C3%ADa+FLOR+de+PECHUGA/data=!4m7!3m6!1s0x960a33a63d38a461:0x9deb3d38a6f4f9fd!8m2!3d-38.9652604!4d-68.0678371!16s%2Fg%2F11qm38svvj!19sChIJYaQ4PaYzCpYR_fn0pjg9650?authuser=0&hl=en&rclk=1,Pollería FLOR de PECHUGA,Grocery store,"Es una tienda de abarrotes (grocery store), no un establecimiento gastronómico",Milanesas en Neuquén Capital,2026-01-07T11:28:05.134447,2026-01-07T13:15:41.291115
https://www.google.com/maps/place/Despensa+Nora/data=!4m7!3m6!1s0x960a35a98eaf401d:0x880135fba0f9069!8m2!3d-38.9120917!4d-68.0834919!16s%2Fg%2F11mw8lfwbq!19sChIJHUCvjqk1CpYRaZAPul8TgAg?authuser=0&hl=en&rclk=1,Despensa Nora,Grocery store,"Es una despensa (grocery store), no un establecimiento gastronómico",Milanesas en Neuquén Capital,2026-01-07T11:28:05.134447,2026-01-07T13:15:41.291115
https://www.google.com/maps/place/PESCADERIA%E3%80%8A~MERO+fish+market+~%E3%80%8B/data=!4m7!3m6!1s0x960a330da01a01fb:0x241743be3b66080!8m2!3d-38.9548175!4d-68.1024269!16s%2Fg%2F11b73m127l!19sChIJ-wEaoA0zCpYRgGC24zt0QQI?authuser=0&hl=en&rclk=1,PESCADERIA《~MERO fish market ~》,Seafood market,"Es un mercado de pescado (seafood market), principalmente venta de productos crudos, no preparados para consumo inmediato",Milanesas en Neuquén Capital,2026-01-07T11:28:05.134447,2026-01-07T13:15:41.291115
https://www.google.com/maps/place/Senderos+de+Raza/data=!4m7!3m6!1s0x960a33a8a7d14c69:0xba54a3c826a310e5!8m2!3d-38.9605389!4d-68.1013152!16s%2Fg%2F11nxr70nh0!19sChIJaUzRp6gzCpYR5RCjJsijVLo?authuser=0&hl=en&rclk=1,Senderos de Raza,Butcher shop,"Es una carnicería (butcher shop), venta de carne cruda, no preparada para consumo inmediato",Milanesas en Neuquén Capital,2026-01-07T11:28:05.134447,2026-01-07T13:15:41.291115
https://www.google.com/maps/place/Carrefour/data=!4m7!3m6!1s0x960a322d527843c3:0x202038c3ae71bad!8m2!3d-38.958794!4d-68.0583096!16s%2Fg%2F1tcvqggt!19sChIJw0N4Ui0yCpYRrRvnOowDAgI?authuser=0&hl=en&rclk=1,Carrefour,Grocery store,"Es un supermercado (grocery store), no un establecimiento gastronómico",Pastelería en Centro Neuquén Capital,2026-01-07T11:28:42.726104,2026-01-07T13:15:41.291115
https://www.google.com/maps/place/ROTISERIA+VANINA/data=!4m7!3m6!1s0x960a3334fc787b2d:0xb85eae24eeb0b3fc!8m2!3d-38.9507204!4d-68.0793369!16s%2Fg%2F11hf0fnv6k!19sChIJLXt4_DQzCpYR_LOw7iSuXrg?authuser=0&hl=en&rclk=1,ROTISERIA VANINA,Supermarket,"Categorizado como supermercado, no es un establecimiento gastronómico principal",Rotisería en Neuquén Capital,2026-01-07T11:29:21.841984,2026-01-07T13:15:41.291115
https://www.google.com/maps/place/Talabarteria+Don+Segundo/data=!4m7!3m6!1s0x960a33cb3d840441:0x602bfc0f35409946!8m2!3d-38.959099!4d-68.0676022!16s%2Fg%2F11c2q0540l!19sChIJQQSEPcszCpYRRplANQ_8K2A?authuser=0&hl=en&rclk=1,Talabarteria Don Segundo,Home goods store,"Es una tienda de artículos para el hogar, no vende comida o bebidas para consumir",Parrilla en Zona Alto Neuquén Capital,2026-01-07T11:30:36.939898,2026-01-07T13:15:41.291115
https://www.google.com/maps/place/AP+%26+H+ANTONIOPAN+%26+SONS/data=!4m7!3m6!1s0x960a33c97871f0fd:0xb7f991e1126075c8!8m2!3d-38.959157!4d-68.0499573!16s%2Fg%2F1tzzwq8w!19sChIJ_fBxeMkzCpYRyHVgEuGR-bc?authuser=0&hl=en&rclk=1,AP & H ANTONIOPAN & SONS,Building materials store,"Es una tienda de materiales de construcción, no vende comida o bebidas para consumir",Parrilla en Zona Alto Neuquén Capital,2026-01-07T11:30:36.939898,2026-01-07T13:15:41.291115
https://www.google.com/maps/place/live+IN+-+Muebles+de+hogar+%26+oficinas/data=!4m7!3m6!1s0x960a33c8d6fc9561:0x3324217382921c7f!8m2!3d-38.9564758!4d-68.0688687!16s%2Fg%2F1hc3g6s5d!19sChIJYZX81sgzCpYRfxySgnMhJDM?authuser=0&hl=en&rclk=1,live IN - Muebles de hogar & oficinas,Furnace store,"Es una tienda de muebles, no vende comida o bebidas para consumir",Parrilla en Zona Alto Neuquén Capital,2026-01-07T11:30:36.939898,2026-01-07T13:15:41.291115
